[
  {
    "name": "Wireless Headphones",
    "price": 199.99,
    "description": "High-quality wireless headphones with noise cancellation.",
    "rating": 4.5,
    "images": [{ "image": "/images/products/3.jpg" }],
    "category": "Headphones",
    "seller": "Best Electronics",
    "stock": 50,
    "numOfReviews": 10,
    "reviews": [
      {
        "name": "John Doe",
        "rating": 5,
        "comment": "Excellent sound quality and battery life!"
      }
    ]
  },
  {
    "name": "Gaming Laptop",
    "price": 1299.99,
    "description": "High-performance gaming laptop with 16GB RAM and RTX 3070 GPU.",
    "rating": 4.8,
    "images": [{ "image": "/images/products/3.jpg" }],
    "category": "Laptops",
    "seller": "TechWorld",
    "stock": 25,
    "numOfReviews": 120,
    "reviews": [
      {
        "name": "Alice Green",
        "rating": 5,
        "comment": "Best laptop for gaming!"
      }
    ]
  },
  {
    "name": "Smartphone X",
    "price": 999.99,
    "description": "Latest smartphone with a 6.5-inch display, 5G support, and a 108MP camera.",
    "rating": 4.7,
    "images": [{ "image": "/images/products/3.jpg" }],
    "category": "Mobilephones",
    "seller": "SmartTech",
    "stock": 100,
    "numOfReviews": 85,
    "reviews": [
      {
        "name": "David Lee",
        "rating": 4.8,
        "comment": "Super fast and great camera."
      }
    ]
  },
  {
    "name": "UltraBook Pro 15",
    "price": 999.99,
    "description": "Slim and powerful ultrabook with Intel i7, 16GB RAM, and 512GB SSD.",
    "rating": 4.5,
    "images": [{ "image": "/images/products/1.jpg" }],
    "category": "Laptops",
    "seller": "SmartTech",
    "stock": 15,
    "numOfReviews": 80,
    "reviews": [
      {
        "name": "John Doe",
        "rating": 4.5,
        "comment": "Perfect for travel."
      }
    ]
  },
  {
    "name": "MacBook Air M2",
    "price": 1199.00,
    "description": "Apple MacBook Air with M2 chip, 8-core GPU, and 256GB SSD.",
    "rating": 4.9,
    "images": [{ "image": "/images/products/4.jpg" }],
    "category": "Laptops",
    "seller": "Apple Store",
    "stock": 30,
    "numOfReviews": 200,
    "reviews": [
      {
        "name": "Sophia Chan",
        "rating": 5,
        "comment": "Battery lasts all day!"
      }
    ]
  }
]
